,time,score,label
0,24,4,threat
1,16,5,threat
2,15,1,threat
3,24,5,threat
4,22,10,medium_threat
5,12,7,medium_threat
6,4,6,medium_threat
7,49,6,threat
8,31,7,medium_threat
9,32,0,threat
10,28,7,medium_threat
11,8,8,medium_threat
12,16,2,threat
13,25,0,threat
14,4,10,medium_threat
15,50,3,threat
16,29,1,threat
17,43,3,threat
18,7,4,threat
19,15,8,medium_threat
20,50,1,threat
21,47,1,threat
22,35,8,medium_threat
23,28,3,threat
24,50,8,threat
25,37,3,threat
26,38,7,medium_threat
27,15,9,medium_threat
28,29,9,medium_threat
29,19,6,medium_threat
30,45,8,threat
31,33,8,medium_threat
32,18,9,medium_threat
33,35,2,threat
34,19,9,medium_threat
35,24,1,threat
36,28,2,threat
37,42,2,threat
38,4,1,threat
39,26,1,threat
40,20,6,medium_threat
41,6,6,medium_threat
42,46,8,threat
43,47,3,threat
44,21,2,threat
45,32,10,medium_threat
46,20,6,medium_threat
47,35,10,medium_threat
48,41,3,threat
49,4,9,medium_threat
50,22,5,threat
51,42,9,threat
52,24,10,medium_threat
53,50,6,threat
54,39,1,threat
55,37,3,threat
56,30,10,medium_threat
57,47,9,threat
58,40,2,threat
59,32,3,threat
60,31,8,medium_threat
61,24,10,medium_threat
62,48,2,threat
63,10,3,threat
64,5,7,medium_threat
65,4,5,threat
66,33,8,medium_threat
67,24,8,medium_threat
68,46,3,threat
69,45,2,threat
70,18,8,medium_threat
71,11,3,threat
72,34,7,medium_threat
73,29,4,threat
74,31,2,threat
75,31,1,threat
76,3,8,medium_threat
77,44,10,threat
78,17,4,threat
79,40,1,threat
80,16,4,threat
81,37,5,threat
82,22,10,medium_threat
83,36,10,medium_threat
84,42,3,threat
85,2,8,medium_threat
86,17,4,threat
87,21,2,threat
88,21,6,medium_threat
89,48,3,threat
90,29,8,medium_threat
91,44,7,threat
92,21,4,threat
93,46,0,threat
94,48,10,threat
95,23,5,threat
96,42,5,threat
97,45,1,threat
98,26,2,threat
99,26,10,medium_threat
100,37,4,threat
101,2,6,medium_threat
102,28,2,threat
103,9,2,threat
104,18,5,threat
105,27,4,threat
106,46,7,threat
107,25,2,threat
108,41,7,threat
109,50,8,threat
110,23,8,medium_threat
111,17,2,threat
112,24,5,threat
113,5,6,medium_threat
114,34,3,threat
115,45,10,threat
116,36,9,medium_threat
117,24,8,medium_threat
118,20,2,threat
119,34,4,threat
120,16,5,threat
121,27,9,medium_threat
122,31,3,threat
123,5,3,threat
124,16,2,threat
125,18,8,medium_threat
126,50,1,threat
127,16,7,medium_threat
128,6,9,medium_threat
129,49,2,threat
130,7,6,medium_threat
131,45,7,threat
132,49,0,threat
133,41,0,threat
134,38,10,medium_threat
135,33,8,medium_threat
136,24,10,medium_threat
137,21,1,threat
138,15,0,threat
139,39,7,threat
140,32,6,medium_threat
141,50,10,threat
142,35,10,medium_threat
143,13,10,medium_threat
144,3,4,threat
145,28,10,medium_threat
146,31,4,threat
147,33,6,medium_threat
148,48,2,threat
149,32,5,threat
150,9,1,threat
151,48,9,threat
152,45,6,threat
153,41,3,threat
154,9,8,medium_threat
155,9,9,medium_threat
156,26,6,medium_threat
157,46,10,threat
158,46,4,threat
159,45,2,threat
160,12,5,threat
161,24,8,medium_threat
162,32,2,threat
163,13,1,threat
164,24,1,threat
165,26,9,medium_threat
166,5,3,threat
167,6,3,threat
168,24,8,medium_threat
169,6,2,threat
170,1,8,medium_threat
171,20,6,medium_threat
172,5,1,threat
173,22,0,threat
174,12,0,threat
175,2,10,medium_threat
176,4,5,threat
177,50,9,threat
178,5,8,medium_threat
179,2,10,medium_threat
180,34,10,medium_threat
181,5,10,medium_threat
182,17,9,medium_threat
183,46,3,threat
184,18,0,threat
185,3,6,medium_threat
186,38,9,medium_threat
187,25,2,threat
188,7,0,threat
189,42,9,threat
190,44,1,threat
191,16,6,medium_threat
192,19,4,threat
193,5,10,medium_threat
194,40,2,threat
195,8,9,medium_threat
196,39,2,threat
197,39,1,threat
198,12,8,medium_threat
199,46,8,threat
200,9,10,medium_threat
201,45,0,threat
202,9,9,medium_threat
203,13,1,threat
204,25,6,medium_threat
205,32,4,threat
206,47,6,threat
207,6,7,medium_threat
208,43,1,threat
209,37,9,medium_threat
210,15,8,medium_threat
211,5,7,medium_threat
212,17,0,threat
213,10,5,threat
214,6,3,threat
215,50,0,threat
216,24,9,medium_threat
217,23,8,medium_threat
218,2,10,medium_threat
219,2,7,medium_threat
220,20,1,threat
221,4,10,medium_threat
222,4,7,medium_threat
223,48,7,threat
224,20,3,threat
225,29,2,threat
226,13,0,threat
227,8,0,threat
228,26,9,medium_threat
229,38,0,threat
230,8,2,threat
231,41,10,threat
232,33,6,medium_threat
233,4,5,threat
234,1,1,threat
235,17,6,medium_threat
236,10,0,threat
237,31,6,medium_threat
238,32,2,threat
239,28,10,medium_threat
240,46,8,threat
241,39,7,threat
242,45,7,threat
243,17,0,threat
244,50,5,threat
245,39,7,threat
246,28,2,threat
247,45,1,threat
248,42,9,threat
249,17,4,threat
250,49,5,threat
251,30,10,medium_threat
252,33,5,threat
253,47,1,threat
254,3,9,medium_threat
255,30,3,threat
256,50,7,threat
257,50,10,threat
258,8,1,threat
259,44,8,threat
260,13,1,threat
261,26,7,medium_threat
262,22,4,threat
263,8,10,medium_threat
264,13,7,medium_threat
265,26,7,medium_threat
266,18,3,threat
267,6,9,medium_threat
268,11,10,medium_threat
269,26,5,threat
270,8,5,threat
271,13,3,threat
272,43,7,threat
273,31,1,threat
274,43,3,threat
275,2,7,medium_threat
276,7,6,medium_threat
277,9,3,threat
278,3,1,threat
279,34,10,medium_threat
280,7,0,threat
281,25,5,threat
282,43,6,threat
283,18,0,threat
284,15,3,threat
285,15,8,medium_threat
286,17,3,threat
287,5,0,threat
288,14,4,threat
289,13,5,threat
290,49,4,threat
291,3,9,medium_threat
292,46,2,threat
293,42,10,threat
294,43,7,threat
295,45,0,threat
296,20,10,medium_threat
297,38,1,threat
298,30,9,medium_threat
299,25,1,threat
300,48,3,threat
301,20,0,threat
302,49,3,threat
303,13,4,threat
304,19,4,threat
305,35,0,threat
306,13,0,threat
307,14,3,threat
308,38,10,medium_threat
309,11,2,threat
310,7,1,threat
311,14,6,medium_threat
312,36,2,threat
313,2,3,threat
314,30,1,threat
315,2,0,threat
316,8,1,threat
317,35,9,medium_threat
318,8,6,medium_threat
319,6,6,medium_threat
320,3,2,threat
321,30,9,medium_threat
322,40,10,threat
323,12,9,medium_threat
324,8,0,threat
325,25,0,threat
326,22,2,threat
327,47,1,threat
328,24,10,medium_threat
329,50,6,threat
330,35,0,threat
331,21,7,medium_threat
332,17,8,medium_threat
333,48,1,threat
334,37,5,threat
335,5,7,medium_threat
336,16,1,threat
337,13,4,threat
338,17,0,threat
339,27,2,threat
340,31,0,threat
341,9,2,threat
342,36,4,threat
343,25,3,threat
344,31,2,threat
345,24,9,medium_threat
346,42,2,threat
347,2,10,medium_threat
348,4,10,medium_threat
349,41,9,threat
350,16,1,threat
351,50,0,threat
352,14,5,threat
353,14,5,threat
354,13,8,medium_threat
355,28,5,threat
356,3,6,medium_threat
357,33,0,threat
358,40,9,threat
359,47,4,threat
360,6,9,medium_threat
361,33,4,threat
362,28,1,threat
363,50,3,threat
364,45,9,threat
365,10,1,threat
366,3,8,medium_threat
367,17,4,threat
368,29,10,medium_threat
369,42,4,threat
370,21,0,threat
371,36,4,threat
372,46,6,threat
373,26,5,threat
374,11,7,medium_threat
375,32,3,threat
376,25,7,medium_threat
377,13,7,medium_threat
378,12,0,threat
379,15,2,threat
380,29,7,medium_threat
381,24,2,threat
382,34,10,medium_threat
383,36,9,medium_threat
384,3,8,medium_threat
385,17,0,threat
386,24,7,medium_threat
387,36,10,medium_threat
388,16,0,threat
389,9,10,medium_threat
390,18,2,threat
391,8,9,medium_threat
392,4,9,medium_threat
393,42,7,threat
394,49,9,threat
395,21,7,medium_threat
396,7,10,medium_threat
397,46,1,threat
398,29,2,threat
399,48,3,threat
400,24,4,threat
401,41,10,threat
402,46,2,threat
403,16,10,medium_threat
404,1,8,medium_threat
405,33,6,medium_threat
406,44,7,threat
407,42,7,threat
408,7,6,medium_threat
409,36,4,threat
410,48,4,threat
411,34,6,medium_threat
412,15,7,medium_threat
413,30,9,medium_threat
414,30,10,medium_threat
415,15,7,medium_threat
416,14,8,medium_threat
417,1,6,medium_threat
418,30,6,medium_threat
419,24,6,medium_threat
420,42,1,threat
421,35,2,threat
422,25,7,medium_threat
423,17,9,medium_threat
424,24,7,medium_threat
425,13,1,threat
426,48,3,threat
427,28,4,threat
428,27,9,medium_threat
429,9,4,threat
430,14,6,medium_threat
431,14,10,medium_threat
432,4,9,medium_threat
433,48,10,threat
434,30,4,threat
435,24,1,threat
436,33,3,threat
437,10,0,threat
438,10,8,medium_threat
439,46,9,threat
440,18,7,medium_threat
441,50,0,threat
442,34,0,threat
443,2,10,medium_threat
444,20,7,medium_threat
445,42,2,threat
446,34,0,threat
447,36,6,medium_threat
448,42,8,threat
449,33,7,medium_threat
450,44,1,threat
451,1,1,threat
452,30,4,threat
453,20,7,medium_threat
454,16,6,medium_threat
455,50,5,threat
456,23,1,threat
457,34,10,medium_threat
458,41,9,threat
459,35,7,medium_threat
460,12,7,medium_threat
461,11,10,medium_threat
462,42,5,threat
463,25,4,threat
464,27,1,threat
465,21,9,medium_threat
466,1,0,threat
467,6,3,threat
468,43,6,threat
469,7,6,medium_threat
470,3,6,medium_threat
471,7,7,medium_threat
472,29,6,medium_threat
473,40,2,threat
474,35,8,medium_threat
475,7,5,threat
476,40,5,threat
477,46,1,threat
478,2,9,medium_threat
479,21,8,medium_threat
480,17,4,threat
481,10,6,medium_threat
482,34,3,threat
483,46,9,threat
484,29,6,medium_threat
485,40,8,threat
486,14,6,medium_threat
487,25,4,threat
488,50,4,threat
489,24,9,medium_threat
490,29,0,threat
491,29,6,medium_threat
492,46,7,threat
493,36,0,threat
494,30,7,medium_threat
495,34,3,threat
496,10,4,threat
497,43,6,threat
498,19,6,medium_threat
499,11,6,medium_threat
500,22,9,medium_threat
501,37,4,threat
502,49,3,threat
503,39,8,threat
504,20,10,medium_threat
505,41,7,threat
506,26,7,medium_threat
507,5,7,medium_threat
508,36,10,medium_threat
509,1,4,threat
510,24,7,medium_threat
511,22,2,threat
512,15,1,threat
513,25,3,threat
514,32,2,threat
515,49,1,threat
516,7,7,medium_threat
517,29,0,threat
518,32,7,medium_threat
519,9,10,medium_threat
520,20,1,threat
521,45,5,threat
522,13,5,threat
523,12,3,threat
524,38,3,threat
525,43,7,threat
526,11,3,threat
527,15,7,medium_threat
528,37,8,medium_threat
529,18,5,threat
530,9,8,medium_threat
531,29,9,medium_threat
532,17,6,medium_threat
533,34,1,threat
534,9,1,threat
535,7,5,threat
536,47,4,threat
537,7,4,threat
538,9,10,medium_threat
539,48,7,threat
540,22,1,threat
541,6,10,medium_threat
542,2,3,threat
543,26,10,medium_threat
544,16,9,medium_threat
545,38,4,threat
546,7,5,threat
547,36,8,medium_threat
548,47,8,threat
549,34,6,medium_threat
550,15,4,threat
551,43,3,threat
552,32,1,threat
553,45,5,threat
554,14,7,medium_threat
555,37,9,medium_threat
556,10,3,threat
557,25,5,threat
558,25,8,medium_threat
559,9,10,medium_threat
560,50,8,threat
561,12,8,medium_threat
562,48,3,threat
563,38,8,medium_threat
564,21,5,threat
565,26,7,medium_threat
566,22,3,threat
567,25,10,medium_threat
568,50,6,threat
569,32,4,threat
570,8,1,threat
571,8,9,medium_threat
572,15,2,threat
573,15,7,medium_threat
574,28,1,threat
575,38,6,medium_threat
576,14,3,threat
577,21,7,medium_threat
578,27,4,threat
579,28,2,threat
580,50,9,threat
581,33,4,threat
582,20,2,threat
583,36,8,medium_threat
584,29,6,medium_threat
585,16,5,threat
586,32,9,medium_threat
587,40,10,threat
588,47,5,threat
589,10,3,threat
590,39,7,threat
591,44,5,threat
592,1,9,medium_threat
593,43,9,threat
594,4,8,medium_threat
595,14,0,threat
596,48,6,threat
597,25,10,medium_threat
598,44,9,threat
599,23,8,medium_threat
600,44,10,threat
601,28,4,threat
602,37,7,medium_threat
603,15,4,threat
604,12,4,threat
605,42,10,threat
606,48,9,threat
607,36,10,medium_threat
608,34,2,threat
609,16,6,medium_threat
610,49,7,threat
611,6,2,threat
612,6,7,medium_threat
613,10,5,threat
614,18,8,medium_threat
615,35,4,threat
616,25,10,medium_threat
617,12,7,medium_threat
618,14,6,medium_threat
619,48,1,threat
620,24,8,medium_threat
621,9,3,threat
622,36,0,threat
623,10,5,threat
624,36,0,threat
625,12,0,threat
626,20,4,threat
627,34,7,medium_threat
628,4,3,threat
629,48,4,threat
630,7,2,threat
631,22,8,medium_threat
632,34,9,medium_threat
633,45,10,threat
634,41,2,threat
635,6,5,threat
636,1,9,medium_threat
637,11,2,threat
638,12,3,threat
639,44,2,threat
640,4,3,threat
641,6,0,threat
642,20,6,medium_threat
643,13,9,medium_threat
644,6,9,medium_threat
645,25,5,threat
646,20,9,medium_threat
647,49,6,threat
648,14,8,medium_threat
649,44,0,threat
650,39,3,threat
651,35,0,threat
652,9,6,medium_threat
653,36,4,threat
654,34,3,threat
655,33,7,medium_threat
656,18,10,medium_threat
657,3,1,threat
658,11,1,threat
659,6,2,threat
660,38,10,medium_threat
661,5,1,threat
662,43,6,threat
663,34,10,medium_threat
664,14,4,threat
665,36,5,threat
666,27,10,medium_threat
667,45,9,threat
668,12,10,medium_threat
669,31,1,threat
670,20,6,medium_threat
671,10,3,threat
672,31,10,medium_threat
673,1,6,medium_threat
674,17,7,medium_threat
675,46,5,threat
676,14,0,threat
677,46,9,threat
678,8,5,threat
679,9,7,medium_threat
680,35,5,threat
681,11,5,threat
682,30,9,medium_threat
683,2,2,threat
684,28,10,medium_threat
685,44,6,threat
686,25,5,threat
687,48,5,threat
688,49,0,threat
689,42,2,threat
690,37,8,medium_threat
691,40,1,threat
692,9,0,threat
693,37,4,threat
694,1,0,threat
695,37,0,threat
696,15,2,threat
697,44,6,threat
698,37,6,medium_threat
699,31,3,threat
700,45,2,threat
701,45,4,threat
702,48,10,threat
703,41,9,threat
704,10,10,medium_threat
705,22,2,threat
706,11,3,threat
707,26,5,threat
708,48,0,threat
709,22,10,medium_threat
710,15,4,threat
711,16,4,threat
712,39,10,threat
713,14,2,threat
714,25,5,threat
715,33,10,medium_threat
716,6,4,threat
717,2,6,medium_threat
718,36,7,medium_threat
719,46,1,threat
720,20,3,threat
721,39,5,threat
722,49,9,threat
723,43,9,threat
724,44,7,threat
725,9,4,threat
726,41,9,threat
727,13,8,medium_threat
728,36,8,medium_threat
729,30,2,threat
730,36,4,threat
731,3,1,threat
732,46,0,threat
733,45,0,threat
734,48,0,threat
735,24,9,medium_threat
736,33,6,medium_threat
737,30,5,threat
738,31,6,medium_threat
739,23,6,medium_threat
740,34,4,threat
741,5,2,threat
742,22,3,threat
743,23,10,medium_threat
744,42,8,threat
745,9,4,threat
746,26,0,threat
747,42,9,threat
748,35,9,medium_threat
749,11,7,medium_threat
750,2,10,medium_threat
751,15,0,threat
752,2,1,threat
753,7,0,threat
754,23,9,medium_threat
755,31,10,medium_threat
756,25,8,medium_threat
757,19,6,medium_threat
758,39,9,threat
759,5,1,threat
760,29,0,threat
761,37,1,threat
762,21,4,threat
763,6,7,medium_threat
764,25,6,medium_threat
765,34,0,threat
766,30,0,threat
767,43,6,threat
768,29,0,threat
769,40,7,threat
770,20,9,medium_threat
771,15,6,medium_threat
772,40,9,threat
773,22,7,medium_threat
774,21,3,threat
775,41,0,threat
776,36,2,threat
777,9,1,threat
778,4,9,medium_threat
779,27,6,medium_threat
780,12,8,medium_threat
781,3,2,threat
782,21,6,medium_threat
783,6,2,threat
784,31,7,medium_threat
785,32,8,medium_threat
786,1,2,threat
787,5,8,medium_threat
788,4,10,medium_threat
789,30,10,medium_threat
790,15,9,medium_threat
791,23,1,threat
792,25,7,medium_threat
793,31,6,medium_threat
794,43,6,threat
795,22,1,threat
796,39,1,threat
797,28,10,medium_threat
798,5,7,medium_threat
799,47,5,threat
800,17,8,medium_threat
801,47,9,threat
802,17,6,medium_threat
803,22,2,threat
804,16,10,medium_threat
805,26,0,threat
806,36,6,medium_threat
807,3,7,medium_threat
808,5,7,medium_threat
809,15,10,medium_threat
810,12,4,threat
811,31,10,medium_threat
812,22,4,threat
813,19,10,medium_threat
814,43,9,threat
815,17,2,threat
816,49,0,threat
817,11,9,medium_threat
818,33,8,medium_threat
819,24,1,threat
820,9,7,medium_threat
821,6,1,threat
822,23,8,medium_threat
823,21,5,threat
824,17,6,medium_threat
825,37,5,threat
826,50,4,threat
827,22,6,medium_threat
828,30,7,medium_threat
829,2,4,threat
830,30,4,threat
831,3,7,medium_threat
832,8,6,medium_threat
833,37,7,medium_threat
834,11,2,threat
835,47,5,threat
836,33,1,threat
837,21,8,medium_threat
838,9,10,medium_threat
839,24,8,medium_threat
840,41,6,threat
841,26,5,threat
842,17,8,medium_threat
843,50,7,threat
844,13,9,medium_threat
845,10,10,medium_threat
846,43,2,threat
847,11,1,threat
848,50,0,threat
849,37,8,medium_threat
850,33,6,medium_threat
851,33,8,medium_threat
852,19,3,threat
853,2,6,medium_threat
854,20,1,threat
855,41,1,threat
856,47,10,threat
857,39,10,threat
858,49,10,threat
859,15,4,threat
860,40,6,threat
861,38,4,threat
862,32,1,threat
863,4,1,threat
864,3,0,threat
865,27,7,medium_threat
866,37,7,medium_threat
867,36,3,threat
868,44,8,threat
869,30,0,threat
870,26,3,threat
871,50,1,threat
872,32,3,threat
873,3,8,medium_threat
874,15,0,threat
875,13,10,medium_threat
876,16,10,medium_threat
877,6,0,threat
878,42,10,threat
879,5,7,medium_threat
880,32,1,threat
881,38,2,threat
882,11,4,threat
883,47,8,threat
884,36,4,threat
885,49,6,threat
886,13,10,medium_threat
887,22,3,threat
888,3,8,medium_threat
889,7,9,medium_threat
890,47,4,threat
891,28,2,threat
892,24,6,medium_threat
893,27,7,medium_threat
894,9,3,threat
895,12,7,medium_threat
896,6,0,threat
897,36,4,threat
898,16,5,threat
899,50,6,threat
900,33,9,medium_threat
901,48,4,threat
902,8,4,threat
903,40,7,threat
904,29,1,threat
905,13,0,threat
906,45,5,threat
907,39,9,threat
908,43,2,threat
909,43,3,threat
910,40,3,threat
911,7,2,threat
912,20,5,threat
913,13,1,threat
914,10,0,threat
915,2,7,medium_threat
916,46,2,threat
917,33,4,threat
918,21,2,threat
919,8,7,medium_threat
920,49,10,threat
921,27,1,threat
922,41,10,threat
923,10,5,threat
924,9,3,threat
925,3,8,medium_threat
926,39,0,threat
927,29,2,threat
928,1,4,threat
929,16,5,threat
930,44,9,threat
931,18,9,medium_threat
932,12,8,medium_threat
933,48,0,threat
934,37,5,threat
935,47,0,threat
936,9,0,threat
937,11,2,threat
938,35,0,threat
939,33,10,medium_threat
940,8,6,medium_threat
941,33,2,threat
942,9,6,medium_threat
943,15,3,threat
944,24,9,medium_threat
945,32,9,medium_threat
946,44,1,threat
947,25,1,threat
948,1,2,threat
949,30,3,threat
950,25,5,threat
951,35,7,medium_threat
952,39,8,threat
953,41,0,threat
954,39,5,threat
955,47,6,threat
956,15,9,medium_threat
957,12,0,threat
958,17,2,threat
959,31,5,threat
960,42,6,threat
961,10,7,medium_threat
962,3,8,medium_threat
963,14,4,threat
964,16,2,threat
965,7,3,threat
966,11,4,threat
967,35,6,medium_threat
968,8,4,threat
969,37,0,threat
970,37,4,threat
971,21,1,threat
972,3,7,medium_threat
973,35,8,medium_threat
974,29,1,threat
975,50,9,threat
976,44,5,threat
977,13,8,medium_threat
978,14,8,medium_threat
979,17,5,threat
980,2,4,threat
981,9,7,medium_threat
982,49,0,threat
983,1,9,medium_threat
984,12,1,threat
985,13,7,medium_threat
986,44,3,threat
987,39,8,threat
988,4,2,threat
989,23,5,threat
990,47,7,threat
991,9,7,medium_threat
992,9,10,medium_threat
993,10,5,threat
994,11,9,medium_threat
995,15,4,threat
996,2,10,medium_threat
997,24,0,threat
998,47,7,threat
999,34,6,medium_threat
1000,26,8,medium_threat
1001,50,2,threat
1002,33,3,threat
1003,33,4,threat
1004,7,10,medium_threat
1005,14,3,threat
1006,13,0,threat
1007,33,3,threat
1008,38,2,threat
1009,17,9,medium_threat
1010,39,4,threat
1011,43,4,threat
1012,38,5,threat
1013,18,8,medium_threat
1014,37,4,threat
1015,47,7,threat
1016,46,8,threat
1017,50,9,threat
1018,42,1,threat
1019,15,3,threat
1020,14,10,medium_threat
1021,50,2,threat
1022,29,2,threat
1023,9,4,threat
1024,31,9,medium_threat
1025,2,2,threat
1026,29,0,threat
1027,7,0,threat
1028,11,7,medium_threat
1029,20,8,medium_threat
1030,31,0,threat
1031,27,2,threat
1032,37,1,threat
1033,29,10,medium_threat
1034,1,5,threat
1035,26,6,medium_threat
1036,14,5,threat
1037,37,5,threat
1038,30,2,threat
1039,20,5,threat
1040,4,0,threat
1041,1,5,threat
1042,14,10,medium_threat
1043,35,4,threat
1044,4,9,medium_threat
1045,40,7,threat
1046,15,7,medium_threat
1047,38,6,medium_threat
1048,1,3,threat
1049,36,8,medium_threat
1050,21,0,threat
1051,22,4,threat
1052,28,2,threat
1053,20,4,threat
1054,45,1,threat
1055,4,7,medium_threat
1056,50,8,threat
1057,37,8,medium_threat
1058,49,8,threat
1059,17,4,threat
1060,25,8,medium_threat
1061,42,4,threat
1062,4,9,medium_threat
1063,5,8,medium_threat
1064,39,8,threat
1065,15,5,threat
1066,33,7,medium_threat
1067,24,1,threat
1068,19,6,medium_threat
1069,28,7,medium_threat
1070,24,10,medium_threat
1071,41,8,threat
1072,32,10,medium_threat
1073,11,10,medium_threat
1074,47,1,threat
1075,9,3,threat
1076,17,1,threat
1077,2,10,medium_threat
1078,40,2,threat
1079,15,6,medium_threat
1080,15,4,threat
1081,21,9,medium_threat
1082,28,6,medium_threat
1083,11,10,medium_threat
1084,6,8,medium_threat
1085,40,7,threat
1086,49,1,threat
1087,44,9,threat
1088,9,10,medium_threat
1089,4,1,threat
1090,35,5,threat
1091,35,9,medium_threat
1092,25,0,threat
1093,6,9,medium_threat
1094,29,2,threat
1095,49,2,threat
1096,40,9,threat
1097,3,5,threat
1098,5,6,medium_threat
1099,32,6,medium_threat
1100,30,7,medium_threat
1101,33,5,threat
1102,44,2,threat
1103,40,6,threat
1104,3,7,medium_threat
1105,39,0,threat
1106,45,8,threat
1107,50,10,threat
1108,49,7,threat
1109,30,0,threat
1110,29,4,threat
1111,17,2,threat
1112,6,9,medium_threat
1113,23,7,medium_threat
1114,32,3,threat
1115,19,9,medium_threat
1116,12,1,threat
1117,22,10,medium_threat
1118,42,5,threat
1119,4,2,threat
1120,39,9,threat
1121,50,10,threat
1122,43,9,threat
1123,9,7,medium_threat
1124,46,3,threat
1125,4,4,threat
1126,38,1,threat
1127,28,6,medium_threat
1128,37,4,threat
1129,25,6,medium_threat
1130,11,4,threat
1131,10,1,threat
1132,9,3,threat
1133,38,4,threat
1134,12,3,threat
1135,5,6,medium_threat
1136,12,9,medium_threat
1137,13,6,medium_threat
1138,6,5,threat
1139,18,4,threat
1140,3,1,threat
1141,15,1,threat
1142,23,7,medium_threat
1143,29,1,threat
1144,45,10,threat
1145,47,9,threat
1146,20,4,threat
1147,25,8,medium_threat
1148,44,3,threat
1149,46,3,threat
1150,15,10,medium_threat
1151,36,7,medium_threat
1152,11,1,threat
1153,19,0,threat
1154,16,5,threat
1155,37,1,threat
1156,21,5,threat
1157,36,9,medium_threat
1158,3,2,threat
1159,17,6,medium_threat
1160,42,6,threat
1161,5,5,threat
1162,32,5,threat
1163,42,0,threat
1164,15,2,threat
1165,31,2,threat
1166,38,4,threat
1167,36,3,threat
1168,42,0,threat
1169,19,10,medium_threat
1170,42,5,threat
1171,45,3,threat
1172,31,5,threat
1173,20,7,medium_threat
1174,30,4,threat
1175,12,8,medium_threat
1176,42,1,threat
1177,29,6,medium_threat
1178,24,7,medium_threat
1179,1,1,threat
1180,4,5,threat
1181,23,1,threat
1182,6,2,threat
1183,26,9,medium_threat
1184,37,6,medium_threat
1185,4,2,threat
1186,36,5,threat
1187,43,10,threat
1188,30,2,threat
1189,2,8,medium_threat
1190,16,6,medium_threat
1191,34,8,medium_threat
1192,17,0,threat
1193,1,3,threat
1194,26,9,medium_threat
1195,45,5,threat
1196,14,1,threat
1197,12,3,threat
1198,6,0,threat
1199,35,10,medium_threat
1200,7,4,threat
1201,26,1,threat
1202,16,9,medium_threat
1203,16,9,medium_threat
1204,32,6,medium_threat
1205,20,7,medium_threat
1206,25,3,threat
1207,42,10,threat
1208,16,2,threat
1209,38,10,medium_threat
1210,30,7,medium_threat
1211,9,4,threat
1212,38,3,threat
1213,39,2,threat
1214,7,6,medium_threat
1215,10,7,medium_threat
1216,13,0,threat
1217,37,4,threat
1218,48,0,threat
1219,18,9,medium_threat
1220,2,7,medium_threat
1221,28,4,threat
1222,28,6,medium_threat
1223,16,10,medium_threat
1224,25,1,threat
1225,39,5,threat
1226,40,5,threat
1227,31,4,threat
1228,37,4,threat
1229,39,4,threat
1230,10,9,medium_threat
1231,24,2,threat
1232,14,0,threat
1233,26,3,threat
1234,30,9,medium_threat
1235,16,2,threat
1236,23,9,medium_threat
1237,5,4,threat
1238,36,2,threat
1239,35,0,threat
1240,36,3,threat
1241,21,3,threat
1242,42,6,threat
1243,40,9,threat
1244,43,4,threat
1245,22,0,threat
1246,8,0,threat
1247,29,9,medium_threat
1248,45,2,threat
1249,16,2,threat
1250,18,2,threat
1251,49,0,threat
1252,35,4,threat
1253,15,6,medium_threat
1254,32,4,threat
1255,11,3,threat
1256,32,8,medium_threat
1257,36,2,threat
1258,49,1,threat
1259,46,9,threat
1260,20,2,threat
1261,10,6,medium_threat
1262,43,5,threat
1263,18,1,threat
1264,29,9,medium_threat
1265,30,5,threat
1266,33,7,medium_threat
1267,35,0,threat
1268,16,9,medium_threat
1269,29,0,threat
1270,11,2,threat
1271,26,9,medium_threat
1272,5,7,medium_threat
1273,17,6,medium_threat
1274,21,5,threat
1275,15,7,medium_threat
1276,32,1,threat
1277,16,5,threat
1278,17,7,medium_threat
1279,11,6,medium_threat
1280,22,1,threat
1281,22,8,medium_threat
1282,36,0,threat
1283,31,7,medium_threat
1284,10,1,threat
1285,30,6,medium_threat
1286,35,7,medium_threat
1287,21,7,medium_threat
1288,27,10,medium_threat
1289,18,7,medium_threat
1290,28,1,threat
1291,46,3,threat
1292,41,3,threat
1293,13,5,threat
1294,4,0,threat
1295,20,1,threat
1296,42,2,threat
1297,15,1,threat
1298,45,8,threat
1299,20,10,medium_threat
1300,10,10,medium_threat
1301,50,2,threat
1302,50,3,threat
1303,37,4,threat
1304,26,10,medium_threat
1305,44,4,threat
1306,18,1,threat
1307,16,6,medium_threat
1308,39,5,threat
1309,3,1,threat
1310,3,1,threat
1311,20,2,threat
1312,33,5,threat
1313,23,3,threat
1314,29,1,threat
1315,19,8,medium_threat
1316,14,10,medium_threat
1317,9,7,medium_threat
1318,38,5,threat
1319,26,3,threat
1320,39,9,threat
1321,36,9,medium_threat
1322,24,0,threat
1323,46,8,threat
1324,40,10,threat
1325,28,2,threat
1326,14,2,threat
1327,1,1,threat
1328,28,3,threat
1329,29,6,medium_threat
1330,30,0,threat
1331,33,10,medium_threat
1332,48,9,threat
1333,5,4,threat
1334,22,6,medium_threat
1335,1,9,medium_threat
1336,14,3,threat
1337,10,5,threat
1338,19,0,threat
1339,23,5,threat
1340,20,7,medium_threat
1341,19,9,medium_threat
1342,22,3,threat
1343,11,6,medium_threat
1344,28,9,medium_threat
1345,13,3,threat
1346,35,10,medium_threat
1347,42,2,threat
1348,19,9,medium_threat
1349,19,0,threat
1350,22,7,medium_threat
1351,20,9,medium_threat
1352,20,6,medium_threat
1353,49,9,threat
1354,7,6,medium_threat
1355,27,9,medium_threat
1356,19,2,threat
1357,4,10,medium_threat
1358,1,10,medium_threat
1359,28,5,threat
1360,50,3,threat
1361,31,9,medium_threat
1362,32,3,threat
1363,18,4,threat
1364,20,10,medium_threat
1365,3,5,threat
1366,46,9,threat
1367,37,0,threat
1368,13,7,medium_threat
1369,11,2,threat
1370,24,6,medium_threat
1371,7,0,threat
1372,44,1,threat
1373,34,6,medium_threat
1374,7,9,medium_threat
1375,17,4,threat
1376,11,10,medium_threat
1377,5,2,threat
1378,39,6,threat
1379,39,0,threat
1380,5,5,threat
1381,3,0,threat
1382,20,1,threat
1383,40,0,threat
1384,14,4,threat
1385,49,10,threat
1386,34,9,medium_threat
1387,39,5,threat
1388,29,4,threat
1389,48,8,threat
1390,45,6,threat
1391,32,6,medium_threat
1392,5,1,threat
1393,19,4,threat
1394,17,2,threat
1395,33,4,threat
1396,13,9,medium_threat
1397,31,8,medium_threat
1398,24,6,medium_threat
1399,8,2,threat
1400,16,5,threat
1401,20,6,medium_threat
1402,22,4,threat
1403,29,4,threat
1404,49,7,threat
1405,5,4,threat
1406,29,8,medium_threat
1407,28,1,threat
1408,16,1,threat
1409,5,0,threat
1410,34,6,medium_threat
1411,15,6,medium_threat
1412,23,4,threat
1413,47,2,threat
1414,28,2,threat
1415,20,4,threat
1416,44,6,threat
1417,29,5,threat
1418,13,5,threat
1419,26,7,medium_threat
1420,25,8,medium_threat
1421,6,7,medium_threat
1422,28,1,threat
1423,29,2,threat
1424,29,10,medium_threat
1425,20,4,threat
1426,47,7,threat
1427,10,1,threat
1428,24,3,threat
1429,9,8,medium_threat
1430,47,5,threat
1431,26,1,threat
1432,30,8,medium_threat
1433,12,1,threat
1434,47,10,threat
1435,45,8,threat
1436,42,7,threat
1437,44,10,threat
1438,41,7,threat
1439,5,1,threat
1440,48,5,threat
1441,40,10,threat
1442,39,3,threat
1443,32,3,threat
1444,4,0,threat
1445,6,10,medium_threat
1446,15,5,threat
1447,7,1,threat
1448,12,6,medium_threat
1449,8,9,medium_threat
1450,8,7,medium_threat
1451,40,3,threat
1452,49,5,threat
1453,25,2,threat
1454,21,9,medium_threat
1455,49,9,threat
1456,39,9,threat
1457,34,4,threat
1458,24,9,medium_threat
1459,47,3,threat
1460,20,6,medium_threat
1461,28,10,medium_threat
1462,37,10,medium_threat
1463,42,0,threat
1464,21,9,medium_threat
1465,48,3,threat
1466,12,7,medium_threat
1467,50,5,threat
1468,32,8,medium_threat
1469,17,3,threat
1470,11,5,threat
1471,34,8,medium_threat
1472,31,0,threat
1473,17,6,medium_threat
1474,22,3,threat
1475,31,6,medium_threat
1476,30,4,threat
1477,19,0,threat
1478,21,9,medium_threat
1479,27,5,threat
1480,33,3,threat
1481,31,2,threat
1482,25,2,threat
1483,40,6,threat
1484,49,8,threat
1485,44,2,threat
1486,29,10,medium_threat
1487,23,3,threat
1488,6,6,medium_threat
1489,19,0,threat
1490,48,7,threat
1491,10,3,threat
1492,4,5,threat
1493,19,10,medium_threat
1494,38,3,threat
1495,40,2,threat
1496,33,4,threat
1497,34,5,threat
1498,50,7,threat
1499,32,3,threat
1500,15,4,threat
1501,19,8,medium_threat
1502,5,10,medium_threat
1503,4,0,threat
1504,2,6,medium_threat
1505,24,6,medium_threat
1506,39,8,threat
1507,33,5,threat
1508,23,8,medium_threat
1509,10,2,threat
1510,23,7,medium_threat
1511,1,1,threat
1512,1,7,medium_threat
1513,1,10,medium_threat
1514,14,4,threat
1515,20,2,threat
1516,34,6,medium_threat
1517,23,7,medium_threat
1518,11,4,threat
1519,24,6,medium_threat
1520,8,7,medium_threat
1521,14,2,threat
1522,1,0,threat
1523,9,3,threat
1524,4,8,medium_threat
1525,26,0,threat
1526,40,9,threat
1527,47,9,threat
1528,42,6,threat
1529,23,2,threat
1530,21,6,medium_threat
1531,32,5,threat
1532,35,7,medium_threat
1533,41,8,threat
1534,29,8,medium_threat
1535,28,7,medium_threat
1536,39,9,threat
1537,17,1,threat
1538,24,4,threat
1539,31,4,threat
1540,20,2,threat
1541,42,10,threat
1542,6,1,threat
1543,18,7,medium_threat
1544,29,5,threat
1545,11,6,medium_threat
1546,1,7,medium_threat
1547,34,2,threat
1548,17,2,threat
1549,6,2,threat
1550,22,0,threat
1551,21,5,threat
1552,45,10,threat
1553,2,10,medium_threat
1554,37,6,medium_threat
1555,44,8,threat
1556,23,2,threat
1557,16,9,medium_threat
1558,47,2,threat
1559,20,7,medium_threat
1560,31,7,medium_threat
1561,19,1,threat
1562,3,3,threat
1563,24,7,medium_threat
1564,13,5,threat
1565,21,9,medium_threat
1566,43,10,threat
1567,27,0,threat
1568,46,0,threat
1569,26,3,threat
1570,17,6,medium_threat
1571,31,5,threat
1572,13,10,medium_threat
1573,29,6,medium_threat
1574,33,2,threat
1575,15,10,medium_threat
1576,27,8,medium_threat
1577,10,2,threat
1578,41,9,threat
1579,28,1,threat
1580,23,4,threat
1581,8,8,medium_threat
1582,14,2,threat
1583,33,10,medium_threat
1584,39,2,threat
1585,28,8,medium_threat
1586,34,10,medium_threat
1587,12,6,medium_threat
1588,31,6,medium_threat
1589,39,0,threat
1590,18,9,medium_threat
1591,4,1,threat
1592,17,8,medium_threat
1593,8,1,threat
1594,7,2,threat
1595,20,10,medium_threat
1596,26,1,threat
1597,40,1,threat
1598,23,4,threat
1599,48,9,threat
1600,34,7,medium_threat
1601,9,5,threat
1602,2,8,medium_threat
1603,5,8,medium_threat
1604,25,1,threat
1605,34,4,threat
1606,29,10,medium_threat
1607,41,1,threat
1608,15,2,threat
1609,14,1,threat
1610,19,7,medium_threat
1611,19,1,threat
1612,32,5,threat
1613,7,0,threat
1614,26,10,medium_threat
1615,17,2,threat
1616,24,7,medium_threat
1617,38,8,medium_threat
1618,10,7,medium_threat
1619,43,10,threat
1620,12,9,medium_threat
1621,26,10,medium_threat
1622,46,6,threat
1623,8,5,threat
1624,50,2,threat
1625,42,6,threat
1626,49,1,threat
1627,34,7,medium_threat
1628,29,5,threat
1629,4,4,threat
1630,12,2,threat
1631,47,4,threat
1632,16,2,threat
1633,11,3,threat
1634,31,7,medium_threat
1635,22,5,threat
1636,3,0,threat
1637,24,7,medium_threat
1638,26,6,medium_threat
1639,24,4,threat
1640,34,7,medium_threat
1641,22,8,medium_threat
1642,20,10,medium_threat
1643,36,1,threat
1644,20,7,medium_threat
1645,28,5,threat
1646,37,9,medium_threat
1647,27,5,threat
1648,45,7,threat
1649,17,2,threat
1650,27,10,medium_threat
1651,24,6,medium_threat
1652,42,3,threat
1653,37,3,threat
1654,43,5,threat
1655,17,8,medium_threat
1656,35,2,threat
1657,26,4,threat
1658,6,2,threat
1659,33,7,medium_threat
1660,20,9,medium_threat
1661,3,5,threat
1662,1,7,medium_threat
1663,14,8,medium_threat
1664,37,8,medium_threat
1665,26,8,medium_threat
1666,17,9,medium_threat
1667,30,1,threat
1668,28,5,threat
1669,1,0,threat
1670,27,0,threat
1671,13,1,threat
1672,14,2,threat
1673,12,4,threat
1674,41,6,threat
1675,41,6,threat
1676,9,4,threat
1677,23,4,threat
1678,39,8,threat
1679,35,9,medium_threat
1680,3,6,medium_threat
1681,7,3,threat
1682,11,3,threat
1683,39,4,threat
1684,36,2,threat
1685,7,10,medium_threat
1686,47,9,threat
1687,5,8,medium_threat
1688,40,6,threat
1689,17,3,threat
1690,10,6,medium_threat
1691,17,6,medium_threat
1692,18,8,medium_threat
1693,36,5,threat
1694,16,9,medium_threat
1695,26,2,threat
1696,30,6,medium_threat
1697,33,4,threat
1698,29,3,threat
1699,34,2,threat
1700,13,0,threat
1701,28,6,medium_threat
1702,3,3,threat
1703,23,4,threat
1704,8,3,threat
1705,23,8,medium_threat
1706,32,3,threat
1707,40,10,threat
1708,26,4,threat
1709,20,0,threat
1710,16,4,threat
1711,6,6,medium_threat
1712,24,7,medium_threat
1713,3,4,threat
1714,45,5,threat
1715,9,5,threat
1716,27,10,medium_threat
1717,28,6,medium_threat
1718,41,10,threat
1719,6,1,threat
1720,16,1,threat
1721,10,7,medium_threat
1722,33,10,medium_threat
1723,38,1,threat
1724,50,6,threat
1725,14,6,medium_threat
1726,47,4,threat
1727,29,6,medium_threat
1728,45,3,threat
1729,39,10,threat
1730,36,2,threat
1731,14,4,threat
1732,43,9,threat
1733,40,9,threat
1734,4,4,threat
1735,42,10,threat
1736,43,3,threat
1737,20,3,threat
1738,22,9,medium_threat
1739,4,1,threat
1740,47,4,threat
1741,5,9,medium_threat
1742,48,9,threat
1743,28,9,medium_threat
1744,40,5,threat
1745,50,9,threat
1746,5,0,threat
1747,17,0,threat
1748,44,10,threat
1749,31,8,medium_threat
1750,45,0,threat
1751,14,6,medium_threat
1752,45,2,threat
1753,12,4,threat
1754,45,7,threat
1755,31,3,threat
1756,11,10,medium_threat
1757,38,8,medium_threat
1758,48,7,threat
1759,24,6,medium_threat
1760,39,9,threat
1761,13,0,threat
1762,36,2,threat
1763,17,2,threat
1764,42,10,threat
1765,35,9,medium_threat
1766,7,0,threat
1767,29,9,medium_threat
1768,13,2,threat
1769,18,9,medium_threat
1770,8,0,threat
1771,49,10,threat
1772,21,10,medium_threat
1773,47,0,threat
1774,2,3,threat
1775,11,0,threat
1776,24,0,threat
1777,35,9,medium_threat
1778,37,8,medium_threat
1779,13,4,threat
1780,21,6,medium_threat
1781,34,7,medium_threat
1782,6,10,medium_threat
1783,5,10,medium_threat
1784,35,7,medium_threat
1785,21,4,threat
1786,13,9,medium_threat
1787,32,8,medium_threat
1788,12,1,threat
1789,39,2,threat
1790,46,1,threat
1791,2,8,medium_threat
1792,14,6,medium_threat
1793,1,6,medium_threat
1794,6,10,medium_threat
1795,30,0,threat
1796,5,9,medium_threat
1797,28,10,medium_threat
1798,46,6,threat
1799,12,8,medium_threat
1800,8,0,threat
1801,37,3,threat
1802,20,8,medium_threat
1803,28,2,threat
1804,26,4,threat
1805,21,2,threat
1806,42,1,threat
1807,2,1,threat
1808,8,8,medium_threat
1809,38,2,threat
1810,32,6,medium_threat
1811,1,4,threat
1812,20,4,threat
1813,1,9,medium_threat
1814,47,9,threat
1815,48,10,threat
1816,31,2,threat
1817,31,8,medium_threat
1818,44,10,threat
1819,22,9,medium_threat
1820,50,8,threat
1821,2,1,threat
1822,21,10,medium_threat
1823,40,6,threat
1824,18,0,threat
1825,22,3,threat
1826,21,8,medium_threat
1827,33,7,medium_threat
1828,27,3,threat
1829,43,1,threat
1830,24,3,threat
1831,24,2,threat
1832,7,0,threat
1833,44,8,threat
1834,24,3,threat
1835,19,1,threat
1836,11,7,medium_threat
1837,19,6,medium_threat
1838,15,1,threat
1839,2,2,threat
1840,44,1,threat
1841,45,9,threat
1842,50,2,threat
1843,35,8,medium_threat
1844,22,10,medium_threat
1845,49,5,threat
1846,1,9,medium_threat
1847,13,5,threat
1848,36,7,medium_threat
1849,20,4,threat
1850,15,2,threat
1851,10,0,threat
1852,34,5,threat
1853,21,0,threat
1854,35,3,threat
1855,33,7,medium_threat
1856,7,5,threat
1857,46,1,threat
1858,14,10,medium_threat
1859,3,5,threat
1860,47,7,threat
1861,31,1,threat
1862,18,6,medium_threat
1863,27,7,medium_threat
1864,37,4,threat
1865,39,7,threat
1866,42,3,threat
1867,16,6,medium_threat
1868,45,10,threat
1869,21,8,medium_threat
1870,7,3,threat
1871,30,0,threat
1872,17,4,threat
1873,25,4,threat
1874,27,4,threat
1875,24,10,medium_threat
1876,1,9,medium_threat
1877,39,4,threat
1878,28,10,medium_threat
1879,11,9,medium_threat
1880,16,10,medium_threat
1881,29,3,threat
1882,17,7,medium_threat
1883,11,5,threat
1884,25,5,threat
1885,15,7,medium_threat
1886,37,9,medium_threat
1887,20,9,medium_threat
1888,29,8,medium_threat
1889,28,6,medium_threat
1890,21,4,threat
1891,49,0,threat
1892,49,9,threat
1893,6,4,threat
1894,9,3,threat
1895,37,1,threat
1896,10,1,threat
1897,34,3,threat
1898,29,10,medium_threat
1899,50,8,threat
1900,19,0,threat
1901,48,8,threat
1902,32,6,medium_threat
1903,46,4,threat
1904,9,10,medium_threat
1905,26,2,threat
1906,35,0,threat
1907,21,7,medium_threat
1908,38,0,threat
1909,10,2,threat
1910,32,4,threat
1911,24,3,threat
1912,50,8,threat
1913,17,3,threat
1914,33,6,medium_threat
1915,4,5,threat
1916,50,7,threat
1917,29,8,medium_threat
1918,33,9,medium_threat
1919,42,1,threat
1920,37,0,threat
1921,10,8,medium_threat
1922,38,10,medium_threat
1923,34,6,medium_threat
1924,2,1,threat
1925,2,9,medium_threat
1926,19,0,threat
1927,11,0,threat
1928,46,6,threat
1929,21,7,medium_threat
1930,22,6,medium_threat
1931,48,3,threat
1932,8,3,threat
1933,30,7,medium_threat
1934,34,10,medium_threat
1935,37,10,medium_threat
1936,22,6,medium_threat
1937,17,9,medium_threat
1938,37,9,medium_threat
1939,10,5,threat
1940,47,7,threat
1941,20,1,threat
1942,34,9,medium_threat
1943,25,0,threat
1944,24,3,threat
1945,21,4,threat
1946,13,5,threat
1947,29,0,threat
1948,24,6,medium_threat
1949,47,10,threat
1950,6,3,threat
1951,24,4,threat
1952,21,8,medium_threat
1953,4,7,medium_threat
1954,22,4,threat
1955,28,0,threat
1956,6,1,threat
1957,32,1,threat
1958,17,7,medium_threat
1959,38,7,medium_threat
1960,29,1,threat
1961,20,3,threat
1962,10,6,medium_threat
1963,39,1,threat
1964,4,4,threat
1965,15,1,threat
1966,45,1,threat
1967,3,4,threat
1968,20,0,threat
1969,25,1,threat
1970,42,10,threat
1971,48,2,threat
1972,48,0,threat
1973,50,0,threat
1974,18,10,medium_threat
1975,20,5,threat
1976,8,5,threat
1977,38,4,threat
1978,39,5,threat
1979,41,7,threat
1980,10,2,threat
1981,15,3,threat
1982,35,4,threat
1983,40,8,threat
1984,32,1,threat
1985,19,8,medium_threat
1986,2,10,medium_threat
1987,48,8,threat
1988,27,2,threat
1989,11,5,threat
1990,11,10,medium_threat
1991,30,10,medium_threat
1992,3,1,threat
1993,38,10,medium_threat
1994,36,1,threat
1995,4,0,threat
1996,43,2,threat
1997,46,9,threat
1998,14,5,threat
1999,38,3,threat
2000,12,9,medium_threat
2001,7,9,medium_threat
2002,3,2,threat
2003,3,2,threat
2004,20,4,threat
2005,48,7,threat
2006,39,9,threat
2007,4,8,medium_threat
2008,21,4,threat
2009,41,8,threat
2010,33,10,medium_threat
2011,12,3,threat
2012,26,8,medium_threat
2013,49,6,threat
2014,9,4,threat
2015,44,5,threat
2016,44,4,threat
2017,41,0,threat
2018,9,4,threat
2019,36,6,medium_threat
2020,39,3,threat
2021,48,8,threat
2022,43,7,threat
2023,25,6,medium_threat
2024,34,7,medium_threat
2025,30,8,medium_threat
2026,29,7,medium_threat
2027,5,8,medium_threat
2028,24,1,threat
2029,50,4,threat
2030,16,2,threat
2031,35,9,medium_threat
2032,27,8,medium_threat
2033,40,10,threat
2034,29,5,threat
2035,40,3,threat
2036,24,0,threat
2037,7,6,medium_threat
2038,34,8,medium_threat
2039,25,4,threat
2040,7,0,threat
2041,18,10,medium_threat
2042,22,2,threat
2043,15,8,medium_threat
2044,28,8,medium_threat
2045,12,0,threat
2046,20,8,medium_threat
2047,8,9,medium_threat
2048,29,10,medium_threat
2049,41,4,threat
2050,19,2,threat
2051,15,7,medium_threat
2052,14,0,threat
2053,47,2,threat
2054,48,3,threat
2055,6,2,threat
2056,12,2,threat
2057,21,1,threat
2058,37,7,medium_threat
2059,7,5,threat
2060,22,8,medium_threat
2061,39,6,threat
2062,23,5,threat
2063,45,10,threat
2064,37,8,medium_threat
2065,27,2,threat
2066,5,9,medium_threat
2067,8,1,threat
2068,49,8,threat
2069,36,1,threat
2070,2,10,medium_threat
2071,7,1,threat
2072,13,9,medium_threat
2073,30,1,threat
2074,11,0,threat
2075,44,4,threat
2076,16,4,threat
2077,35,2,threat
2078,41,1,threat
2079,6,2,threat
2080,1,1,threat
2081,1,0,threat
2082,7,9,medium_threat
2083,15,5,threat
2084,13,8,medium_threat
2085,18,4,threat
2086,5,2,threat
2087,43,9,threat
2088,16,5,threat
2089,43,6,threat
2090,27,10,medium_threat
2091,12,7,medium_threat
2092,37,8,medium_threat
2093,31,6,medium_threat
2094,35,9,medium_threat
2095,30,9,medium_threat
2096,19,9,medium_threat
2097,7,5,threat
2098,13,8,medium_threat
2099,35,3,threat
2100,47,2,threat
2101,6,7,medium_threat
2102,28,3,threat
2103,49,5,threat
2104,39,8,threat
2105,33,9,medium_threat
2106,5,2,threat
2107,9,2,threat
2108,47,5,threat
2109,11,3,threat
2110,26,10,medium_threat
2111,24,4,threat
2112,30,6,medium_threat
2113,5,4,threat
2114,46,1,threat
2115,37,9,medium_threat
2116,27,6,medium_threat
2117,26,1,threat
2118,17,1,threat
2119,14,10,medium_threat
2120,35,6,medium_threat
2121,49,7,threat
2122,26,10,medium_threat
2123,41,8,threat
2124,48,1,threat
2125,40,10,threat
2126,19,4,threat
2127,23,0,threat
2128,4,7,medium_threat
2129,24,7,medium_threat
2130,39,4,threat
2131,28,7,medium_threat
2132,16,3,threat
2133,16,6,medium_threat
2134,5,9,medium_threat
2135,2,1,threat
2136,5,0,threat
2137,32,8,medium_threat
2138,35,10,medium_threat
2139,27,0,threat
2140,29,9,medium_threat
2141,7,10,medium_threat
2142,12,8,medium_threat
2143,27,5,threat
2144,18,5,threat
2145,39,2,threat
2146,19,9,medium_threat
2147,30,1,threat
2148,47,3,threat
2149,38,6,medium_threat
2150,2,4,threat
2151,50,9,threat
2152,41,7,threat
2153,11,3,threat
2154,1,4,threat
2155,27,0,threat
2156,8,3,threat
2157,25,9,medium_threat
2158,49,2,threat
2159,28,4,threat
2160,10,1,threat
2161,25,8,medium_threat
2162,8,3,threat
2163,11,5,threat
2164,5,4,threat
2165,20,0,threat
2166,9,4,threat
2167,18,1,threat
2168,16,2,threat
2169,23,6,medium_threat
2170,26,7,medium_threat
2171,32,6,medium_threat
2172,32,8,medium_threat
2173,16,8,medium_threat
2174,24,6,medium_threat
2175,27,9,medium_threat
2176,3,9,medium_threat
2177,39,2,threat
2178,41,9,threat
2179,20,10,medium_threat
2180,42,0,threat
2181,45,2,threat
2182,49,8,threat
2183,6,10,medium_threat
2184,1,3,threat
2185,45,8,threat
2186,30,9,medium_threat
2187,8,0,threat
2188,23,5,threat
2189,5,2,threat
2190,31,9,medium_threat
2191,20,9,medium_threat
2192,24,1,threat
2193,22,3,threat
2194,9,4,threat
2195,35,3,threat
2196,36,6,medium_threat
2197,28,5,threat
2198,26,6,medium_threat
2199,24,8,medium_threat
2200,40,6,threat
2201,13,3,threat
2202,32,8,medium_threat
2203,26,3,threat
2204,27,3,threat
2205,45,8,threat
2206,18,9,medium_threat
2207,5,0,threat
2208,47,6,threat
2209,26,5,threat
2210,39,7,threat
2211,31,3,threat
2212,32,4,threat
2213,10,1,threat
2214,20,10,medium_threat
2215,32,8,medium_threat
2216,41,6,threat
2217,42,9,threat
2218,27,6,medium_threat
2219,17,7,medium_threat
2220,34,0,threat
2221,11,1,threat
2222,21,10,medium_threat
2223,12,8,medium_threat
2224,24,9,medium_threat
2225,28,2,threat
2226,4,1,threat
2227,20,10,medium_threat
2228,18,4,threat
2229,17,3,threat
2230,11,2,threat
2231,36,10,medium_threat
2232,9,10,medium_threat
2233,18,6,medium_threat
2234,15,10,medium_threat
2235,21,0,threat
2236,22,1,threat
2237,32,7,medium_threat
2238,7,5,threat
2239,37,10,medium_threat
2240,15,5,threat
2241,33,6,medium_threat
2242,33,5,threat
2243,40,9,threat
2244,6,1,threat
2245,8,4,threat
2246,5,10,medium_threat
2247,19,7,medium_threat
2248,15,9,medium_threat
2249,44,1,threat
2250,44,7,threat
2251,30,3,threat
2252,15,8,medium_threat
2253,30,6,medium_threat
2254,39,10,threat
2255,8,10,medium_threat
2256,11,1,threat
2257,1,6,medium_threat
2258,22,9,medium_threat
2259,3,6,medium_threat
2260,6,4,threat
2261,39,6,threat
2262,39,2,threat
2263,25,3,threat
2264,35,10,medium_threat
2265,45,3,threat
2266,3,8,medium_threat
2267,46,4,threat
2268,18,5,threat
2269,25,2,threat
2270,39,4,threat
2271,14,7,medium_threat
2272,25,1,threat
2273,40,4,threat
2274,47,4,threat
2275,31,0,threat
2276,50,9,threat
2277,21,6,medium_threat
2278,8,0,threat
2279,47,10,threat
2280,48,8,threat
2281,18,7,medium_threat
2282,39,7,threat
2283,49,9,threat
2284,26,5,threat
2285,13,4,threat
2286,24,3,threat
2287,46,3,threat
2288,24,3,threat
2289,45,8,threat
2290,46,5,threat
2291,27,4,threat
2292,39,7,threat
2293,8,2,threat
2294,2,6,medium_threat
2295,50,1,threat
2296,42,1,threat
2297,30,1,threat
2298,14,7,medium_threat
2299,12,6,medium_threat
2300,30,10,medium_threat
2301,41,9,threat
2302,25,1,threat
2303,36,3,threat
2304,37,10,medium_threat
2305,1,9,medium_threat
2306,8,6,medium_threat
2307,22,9,medium_threat
2308,36,1,threat
2309,9,7,medium_threat
2310,31,4,threat
2311,6,0,threat
2312,17,7,medium_threat
2313,19,0,threat
2314,9,0,threat
2315,6,8,medium_threat
2316,36,5,threat
2317,42,7,threat
2318,38,6,medium_threat
2319,42,6,threat
2320,41,9,threat
2321,10,6,medium_threat
2322,22,10,medium_threat
2323,9,10,medium_threat
2324,39,10,threat
2325,15,3,threat
2326,17,0,threat
2327,36,8,medium_threat
2328,8,1,threat
2329,11,9,medium_threat
2330,35,8,medium_threat
2331,25,3,threat
2332,25,5,threat
2333,11,5,threat
2334,3,0,threat
2335,17,6,medium_threat
2336,40,5,threat
2337,4,2,threat
2338,49,2,threat
2339,10,3,threat
2340,27,8,medium_threat
2341,44,0,threat
2342,24,3,threat
2343,15,9,medium_threat
2344,6,5,threat
2345,13,8,medium_threat
2346,48,0,threat
2347,44,10,threat
2348,37,6,medium_threat
2349,22,3,threat
2350,42,5,threat
2351,36,8,medium_threat
2352,1,9,medium_threat
2353,11,2,threat
2354,49,8,threat
2355,23,1,threat
2356,21,1,threat
2357,32,1,threat
2358,34,8,medium_threat
2359,14,0,threat
2360,37,2,threat
2361,48,1,threat
2362,37,10,medium_threat
2363,31,9,medium_threat
2364,37,10,medium_threat
2365,32,1,threat
2366,8,5,threat
2367,23,3,threat
2368,45,0,threat
2369,26,3,threat
2370,1,3,threat
2371,1,10,medium_threat
2372,36,0,threat
2373,39,8,threat
2374,14,4,threat
2375,11,10,medium_threat
2376,25,4,threat
2377,41,3,threat
2378,33,8,medium_threat
2379,5,6,medium_threat
2380,26,1,threat
2381,24,2,threat
2382,7,9,medium_threat
2383,13,8,medium_threat
2384,3,2,threat
2385,5,2,threat
2386,6,1,threat
2387,28,5,threat
2388,22,8,medium_threat
2389,31,1,threat
2390,6,8,medium_threat
2391,33,4,threat
2392,30,3,threat
2393,41,3,threat
2394,19,7,medium_threat
2395,36,3,threat
2396,33,0,threat
2397,6,9,medium_threat
2398,14,8,medium_threat
2399,24,10,medium_threat
2400,8,5,threat
2401,2,5,threat
2402,20,2,threat
2403,45,0,threat
2404,43,1,threat
2405,43,9,threat
2406,47,10,threat
2407,38,1,threat
2408,8,10,medium_threat
2409,32,4,threat
2410,29,3,threat
2411,26,1,threat
2412,1,5,threat
2413,3,5,threat
2414,8,4,threat
2415,35,0,threat
2416,24,2,threat
2417,2,10,medium_threat
2418,43,7,threat
2419,29,5,threat
2420,28,9,medium_threat
2421,10,0,threat
2422,25,6,medium_threat
2423,3,10,medium_threat
2424,48,9,threat
2425,32,8,medium_threat
2426,23,5,threat
2427,37,5,threat
2428,14,1,threat
2429,13,10,medium_threat
2430,49,4,threat
2431,34,7,medium_threat
2432,40,1,threat
2433,17,6,medium_threat
2434,49,1,threat
2435,30,9,medium_threat
2436,14,10,medium_threat
2437,45,2,threat
2438,10,9,medium_threat
2439,25,4,threat
2440,39,0,threat
2441,21,3,threat
2442,29,10,medium_threat
2443,8,0,threat
2444,46,1,threat
2445,14,7,medium_threat
2446,3,7,medium_threat
2447,25,1,threat
2448,32,10,medium_threat
2449,2,9,medium_threat
2450,4,0,threat
2451,24,8,medium_threat
2452,24,4,threat
2453,3,0,threat
2454,38,8,medium_threat
2455,3,5,threat
2456,46,0,threat
2457,10,3,threat
2458,28,8,medium_threat
2459,13,4,threat
2460,9,0,threat
2461,10,8,medium_threat
2462,32,5,threat
2463,8,5,threat
2464,44,4,threat
2465,3,9,medium_threat
2466,4,5,threat
2467,47,9,threat
2468,8,3,threat
2469,44,5,threat
2470,27,9,medium_threat
2471,37,6,medium_threat
2472,24,8,medium_threat
2473,39,5,threat
2474,49,1,threat
2475,25,7,medium_threat
2476,9,2,threat
2477,48,5,threat
2478,30,1,threat
2479,28,1,threat
2480,11,4,threat
2481,16,3,threat
2482,13,0,threat
2483,33,2,threat
2484,21,4,threat
2485,50,1,threat
2486,32,6,medium_threat
2487,45,6,threat
2488,42,0,threat
2489,13,8,medium_threat
2490,50,5,threat
2491,14,6,medium_threat
2492,16,1,threat
2493,17,8,medium_threat
2494,19,1,threat
2495,12,3,threat
2496,37,3,threat
2497,50,10,threat
2498,30,10,medium_threat
2499,43,1,threat
2500,18,0,threat
2501,27,2,threat
2502,23,0,threat
2503,12,2,threat
2504,34,6,medium_threat
2505,15,1,threat
2506,40,0,threat
2507,49,8,threat
2508,30,4,threat
2509,11,0,threat
2510,7,5,threat
2511,36,8,medium_threat
2512,16,1,threat
2513,49,1,threat
2514,30,9,medium_threat
2515,30,1,threat
2516,8,10,medium_threat
2517,29,7,medium_threat
2518,41,5,threat
2519,6,10,medium_threat
2520,28,8,medium_threat
2521,7,5,threat
2522,19,1,threat
2523,10,6,medium_threat
2524,28,6,medium_threat
2525,42,6,threat
2526,42,10,threat
2527,30,1,threat
2528,3,5,threat
2529,33,10,medium_threat
2530,49,8,threat
2531,31,9,medium_threat
2532,40,10,threat
2533,22,8,medium_threat
2534,39,7,threat
2535,17,1,threat
2536,48,0,threat
2537,25,10,medium_threat
2538,3,0,threat
2539,28,1,threat
2540,14,0,threat
2541,31,10,medium_threat
2542,33,6,medium_threat
2543,43,5,threat
2544,32,10,medium_threat
2545,2,9,medium_threat
2546,13,1,threat
2547,46,9,threat
2548,35,8,medium_threat
2549,8,4,threat
2550,32,6,medium_threat
2551,45,9,threat
2552,2,10,medium_threat
2553,24,3,threat
2554,37,0,threat
2555,8,1,threat
2556,19,9,medium_threat
2557,43,3,threat
2558,27,10,medium_threat
2559,16,3,threat
2560,23,5,threat
2561,23,1,threat
2562,3,3,threat
2563,17,9,medium_threat
2564,5,7,medium_threat
2565,45,8,threat
2566,50,10,threat
2567,45,1,threat
2568,45,9,threat
2569,33,9,medium_threat
2570,45,1,threat
2571,38,5,threat
2572,1,4,threat
2573,21,5,threat
2574,42,10,threat
2575,34,5,threat
2576,37,0,threat
2577,43,0,threat
2578,19,9,medium_threat
2579,18,9,medium_threat
2580,17,0,threat
2581,42,0,threat
2582,6,10,medium_threat
2583,8,9,medium_threat
2584,35,9,medium_threat
2585,39,5,threat
2586,50,10,threat
2587,42,4,threat
2588,1,1,threat
2589,7,3,threat
2590,44,4,threat
2591,27,9,medium_threat
2592,18,10,medium_threat
2593,35,4,threat
2594,3,7,medium_threat
2595,5,0,threat
2596,43,10,threat
2597,3,6,medium_threat
2598,2,4,threat
2599,19,3,threat
2600,35,3,threat
2601,34,0,threat
2602,32,0,threat
2603,2,7,medium_threat
2604,33,2,threat
2605,32,1,threat
2606,23,9,medium_threat
2607,10,5,threat
2608,26,7,medium_threat
2609,24,2,threat
2610,6,3,threat
2611,24,8,medium_threat
2612,47,8,threat
2613,50,7,threat
2614,45,5,threat
2615,28,5,threat
2616,5,5,threat
2617,7,7,medium_threat
2618,45,1,threat
2619,22,1,threat
2620,30,5,threat
2621,26,9,medium_threat
2622,28,6,medium_threat
2623,43,10,threat
2624,8,10,medium_threat
2625,40,2,threat
2626,8,6,medium_threat
2627,7,9,medium_threat
2628,29,4,threat
2629,22,7,medium_threat
2630,24,4,threat
2631,4,0,threat
2632,10,7,medium_threat
2633,40,0,threat
2634,25,5,threat
2635,5,7,medium_threat
2636,49,8,threat
2637,23,2,threat
2638,14,1,threat
2639,39,10,threat
2640,26,2,threat
2641,7,3,threat
2642,47,7,threat
2643,47,3,threat
2644,7,5,threat
2645,4,0,threat
2646,29,5,threat
2647,14,4,threat
2648,30,1,threat
2649,33,4,threat
2650,9,0,threat
2651,23,7,medium_threat
2652,17,2,threat
2653,41,2,threat
2654,12,9,medium_threat
2655,22,9,medium_threat
2656,27,7,medium_threat
2657,45,3,threat
2658,39,9,threat
2659,49,3,threat
2660,3,6,medium_threat
2661,29,7,medium_threat
2662,44,6,threat
2663,36,5,threat
2664,38,9,medium_threat
2665,22,10,medium_threat
2666,28,2,threat
2667,15,10,medium_threat
2668,11,6,medium_threat
2669,33,4,threat
2670,2,2,threat
2671,23,7,medium_threat
2672,5,1,threat
2673,27,6,medium_threat
2674,22,9,medium_threat
2675,29,10,medium_threat
2676,44,0,threat
2677,4,6,medium_threat
2678,29,5,threat
2679,34,2,threat
2680,39,6,threat
2681,24,2,threat
2682,6,6,medium_threat
2683,47,10,threat
2684,39,8,threat
2685,19,10,medium_threat
2686,43,0,threat
2687,44,4,threat
2688,47,9,threat
2689,43,4,threat
2690,41,9,threat
2691,34,0,threat
2692,11,3,threat
2693,6,10,medium_threat
2694,30,3,threat
2695,27,6,medium_threat
2696,31,1,threat
2697,36,8,medium_threat
2698,41,2,threat
2699,42,2,threat
2700,23,2,threat
2701,49,8,threat
2702,19,10,medium_threat
2703,38,3,threat
2704,28,0,threat
2705,1,3,threat
2706,8,9,medium_threat
2707,37,4,threat
2708,37,9,medium_threat
2709,9,10,medium_threat
2710,20,9,medium_threat
2711,20,0,threat
2712,25,3,threat
2713,7,2,threat
2714,23,3,threat
2715,48,4,threat
2716,2,7,medium_threat
2717,7,8,medium_threat
2718,39,8,threat
2719,28,8,medium_threat
2720,17,0,threat
2721,24,10,medium_threat
2722,8,8,medium_threat
2723,9,10,medium_threat
2724,17,6,medium_threat
2725,42,1,threat
2726,4,9,medium_threat
2727,10,1,threat
2728,31,6,medium_threat
2729,46,4,threat
2730,39,7,threat
2731,28,10,medium_threat
2732,1,3,threat
2733,29,4,threat
2734,10,9,medium_threat
2735,10,9,medium_threat
2736,32,3,threat
2737,18,9,medium_threat
2738,6,5,threat
2739,42,0,threat
2740,20,1,threat
2741,47,7,threat
2742,11,4,threat
2743,28,1,threat
2744,19,9,medium_threat
2745,36,10,medium_threat
2746,28,7,medium_threat
2747,21,2,threat
2748,50,4,threat
2749,1,5,threat
2750,46,6,threat
2751,41,2,threat
2752,40,9,threat
2753,33,9,medium_threat
2754,48,3,threat
2755,39,8,threat
2756,25,1,threat
2757,35,0,threat
2758,17,4,threat
2759,32,5,threat
2760,30,4,threat
2761,45,10,threat
2762,10,7,medium_threat
2763,34,6,medium_threat
2764,38,0,threat
2765,7,1,threat
2766,5,3,threat
2767,16,1,threat
2768,28,10,medium_threat
2769,22,5,threat
2770,33,10,medium_threat
2771,7,8,medium_threat
2772,41,8,threat
2773,47,9,threat
2774,13,5,threat
2775,8,0,threat
2776,20,8,medium_threat
2777,42,7,threat
2778,13,1,threat
2779,18,1,threat
2780,10,0,threat
2781,32,4,threat
2782,30,2,threat
2783,33,1,threat
2784,9,8,medium_threat
2785,19,7,medium_threat
2786,43,3,threat
2787,23,1,threat
2788,38,10,medium_threat
2789,7,5,threat
2790,9,8,medium_threat
2791,44,0,threat
2792,23,8,medium_threat
2793,8,4,threat
2794,19,4,threat
2795,10,2,threat
2796,29,9,medium_threat
2797,38,8,medium_threat
2798,1,6,medium_threat
2799,46,9,threat
2800,40,10,threat
2801,16,8,medium_threat
2802,14,10,medium_threat
2803,1,10,medium_threat
2804,48,6,threat
2805,26,7,medium_threat
2806,46,1,threat
2807,2,6,medium_threat
2808,4,6,medium_threat
2809,39,9,threat
2810,5,9,medium_threat
2811,20,6,medium_threat
2812,2,0,threat
2813,20,4,threat
2814,15,9,medium_threat
2815,19,6,medium_threat
2816,48,9,threat
2817,33,6,medium_threat
2818,15,9,medium_threat
2819,44,8,threat
2820,7,3,threat
2821,11,10,medium_threat
2822,15,0,threat
2823,23,6,medium_threat
2824,24,8,medium_threat
2825,5,7,medium_threat
2826,30,3,threat
2827,17,9,medium_threat
2828,33,6,medium_threat
2829,30,9,medium_threat
2830,32,4,threat
2831,44,10,threat
2832,21,7,medium_threat
2833,34,3,threat
2834,4,9,medium_threat
2835,44,0,threat
2836,39,6,threat
2837,2,6,medium_threat
2838,44,3,threat
2839,38,8,medium_threat
2840,20,10,medium_threat
2841,38,10,medium_threat
2842,12,10,medium_threat
2843,33,2,threat
2844,15,9,medium_threat
2845,13,5,threat
2846,5,1,threat
2847,46,8,threat
2848,13,8,medium_threat
2849,31,0,threat
2850,2,9,medium_threat
2851,31,6,medium_threat
2852,3,5,threat
2853,24,4,threat
2854,32,4,threat
2855,9,5,threat
2856,5,9,medium_threat
2857,46,1,threat
2858,40,4,threat
2859,25,6,medium_threat
2860,16,1,threat
2861,11,5,threat
2862,47,8,threat
2863,5,0,threat
2864,32,5,threat
2865,3,5,threat
2866,8,4,threat
2867,42,10,threat
2868,41,0,threat
2869,9,10,medium_threat
2870,11,1,threat
2871,16,5,threat
2872,37,9,medium_threat
2873,11,10,medium_threat
2874,10,7,medium_threat
2875,49,0,threat
2876,29,0,threat
2877,11,10,medium_threat
2878,50,4,threat
2879,15,10,medium_threat
2880,40,8,threat
2881,8,3,threat
2882,45,4,threat
2883,46,8,threat
2884,32,2,threat
2885,6,4,threat
2886,20,4,threat
2887,23,4,threat
2888,3,5,threat
2889,27,7,medium_threat
2890,11,9,medium_threat
2891,25,5,threat
2892,19,0,threat
2893,48,3,threat
2894,27,0,threat
2895,35,9,medium_threat
2896,9,6,medium_threat
2897,20,3,threat
2898,2,8,medium_threat
2899,26,9,medium_threat
2900,17,3,threat
2901,48,10,threat
2902,25,7,medium_threat
2903,28,1,threat
2904,47,6,threat
2905,16,1,threat
2906,23,3,threat
2907,9,8,medium_threat
2908,49,9,threat
2909,20,3,threat
2910,47,0,threat
2911,41,6,threat
2912,8,6,medium_threat
2913,36,5,threat
2914,12,9,medium_threat
2915,5,1,threat
2916,43,4,threat
2917,33,8,medium_threat
2918,7,7,medium_threat
2919,34,0,threat
2920,50,0,threat
2921,32,2,threat
2922,25,4,threat
2923,33,0,threat
2924,34,0,threat
2925,29,6,medium_threat
2926,2,0,threat
2927,22,3,threat
2928,27,0,threat
2929,5,0,threat
2930,18,7,medium_threat
2931,25,1,threat
2932,12,0,threat
2933,35,1,threat
2934,9,7,medium_threat
2935,2,1,threat
2936,7,0,threat
2937,3,9,medium_threat
2938,16,0,threat
2939,24,1,threat
2940,22,3,threat
2941,43,7,threat
2942,2,4,threat
2943,40,9,threat
2944,14,1,threat
2945,1,6,medium_threat
2946,17,6,medium_threat
2947,23,1,threat
2948,29,3,threat
2949,50,4,threat
2950,29,4,threat
2951,23,6,medium_threat
2952,27,5,threat
2953,36,5,threat
2954,34,1,threat
2955,41,4,threat
2956,14,6,medium_threat
2957,26,9,medium_threat
2958,35,3,threat
2959,26,8,medium_threat
2960,33,7,medium_threat
2961,46,5,threat
2962,5,1,threat
2963,26,8,medium_threat
2964,40,2,threat
2965,5,8,medium_threat
2966,25,1,threat
2967,24,0,threat
2968,20,1,threat
2969,7,1,threat
2970,49,4,threat
2971,1,3,threat
2972,10,1,threat
2973,9,4,threat
2974,50,2,threat
2975,21,3,threat
2976,2,8,medium_threat
2977,25,3,threat
2978,11,4,threat
2979,32,8,medium_threat
2980,15,6,medium_threat
2981,39,10,threat
2982,35,3,threat
2983,3,9,medium_threat
2984,11,1,threat
2985,26,3,threat
2986,26,5,threat
2987,29,8,medium_threat
2988,30,0,threat
2989,9,5,threat
2990,5,1,threat
2991,44,2,threat
2992,15,9,medium_threat
2993,22,6,medium_threat
2994,48,7,threat
2995,32,10,medium_threat
2996,30,5,threat
2997,32,4,threat
2998,4,6,medium_threat
2999,17,7,medium_threat
3000,37,4,threat
3001,36,0,threat
3002,23,10,medium_threat
3003,16,7,medium_threat
3004,48,4,threat
3005,30,0,threat
3006,24,9,medium_threat
3007,7,10,medium_threat
3008,38,0,threat
3009,11,4,threat
3010,11,6,medium_threat
3011,20,4,threat
3012,39,8,threat
3013,20,6,medium_threat
3014,32,0,threat
3015,1,1,threat
3016,44,4,threat
3017,46,4,threat
3018,43,7,threat
3019,9,2,threat
3020,7,7,medium_threat
3021,34,0,threat
3022,10,10,medium_threat
3023,18,3,threat
3024,47,5,threat
3025,1,5,threat
3026,19,4,threat
3027,29,6,medium_threat
3028,19,9,medium_threat
3029,47,10,threat
3030,25,1,threat
3031,4,4,threat
3032,42,2,threat
3033,25,5,threat
3034,8,10,medium_threat
3035,10,0,threat
3036,27,6,medium_threat
3037,20,0,threat
3038,8,8,medium_threat
3039,18,2,threat
3040,27,8,medium_threat
3041,36,8,medium_threat
3042,12,7,medium_threat
3043,46,0,threat
3044,15,6,medium_threat
3045,22,0,threat
3046,17,4,threat
3047,10,2,threat
3048,47,1,threat
3049,49,3,threat
3050,24,10,medium_threat
3051,35,7,medium_threat
3052,22,9,medium_threat
3053,50,5,threat
3054,12,6,medium_threat
3055,43,7,threat
3056,6,6,medium_threat
3057,2,5,threat
3058,30,0,threat
3059,1,10,medium_threat
3060,3,8,medium_threat
3061,31,3,threat
3062,20,1,threat
3063,9,8,medium_threat
3064,9,9,medium_threat
3065,16,0,threat
3066,32,4,threat
3067,44,0,threat
3068,37,2,threat
3069,48,2,threat
3070,50,4,threat
3071,18,0,threat
3072,2,7,medium_threat
3073,6,0,threat
3074,22,6,medium_threat
3075,9,3,threat
3076,37,2,threat
3077,10,6,medium_threat
3078,11,6,medium_threat
3079,13,6,medium_threat
3080,28,2,threat
3081,28,8,medium_threat
3082,28,3,threat
